Year,Business Year,Revenue ($mil),Units Sold,Notes
2002,1,9.012,69000,First year of operation in the expanded Brooklyn store
2003,2,24.305,177500,Website goes online
2004,3,38.755,278500,
2005,4,60.845,457000,
2006,5,68.931,516500,Opening of the Philadelphia store
2007,6,68.197,500000,
2008,7,51.595,386000,
2009,8,58.778,438500,Opening of the Washington store
2010,9,69.745,524000,
2011,10,72.535,531500,
2012,11,81.655,599000,Expansion of the Brooklyn store
2013,12,90.097,661000,
2014,13,66.225,491000,Revenue collapse in the Great Recesssion
2015,14,72.665,549000,Opening of the Chicago store
2016,15,82.073,601500,
2017,16,84.545,625000,Expansion of the Philadephia store
2018,17,97.675,726000,Website sales exceed brick & mortar sales
2019,18,96.428,720500,
2020,19,92.745,681000,
2021,20,95.192,714000,Opening of the Indianapolis store
2022,21,99.075,729000,
2023,22,103.315,769000,
2024,23,102.714,787000,
