Two Year Daily Revenue of Cup and Platter	
2023 - 2024	
Compiled by Dmitry Kovan	
===========================================================	
Date	Daily Revenue
1/1/2023	193500
1/2/2023	176000
1/3/2023	202500
1/4/2023	250500
1/5/2023	257500
1/6/2023	160000
1/7/2023	231000
1/8/2023	255500
1/9/2023	224000
1/10/2023	272500
1/11/2023	239500
1/12/2023	195000
1/13/2023	225500
1/14/2023	227000
1/15/2023	253500
1/16/2023	245500
1/17/2023	236500
1/18/2023	218500
1/19/2023	220000
1/20/2023	267000
1/21/2023	243000
1/22/2023	220500
1/23/2023	246500
1/24/2023	200000
1/25/2023	211500
1/26/2023	289500
1/27/2023	217500
1/28/2023	239000
1/29/2023	231000
1/30/2023	239000
1/31/2023	221000
2/1/2023	145000
2/2/2023	119500
2/3/2023	165000
2/4/2023	148000
2/5/2023	192000
2/6/2023	180000
2/7/2023	191500
2/8/2023	166500
2/9/2023	147500
2/10/2023	192000
2/11/2023	109500
2/12/2023	169000
2/13/2023	156500
2/14/2023	150500
2/15/2023	141000
2/16/2023	182000
2/17/2023	143000
2/18/2023	186500
2/19/2023	154000
2/20/2023	186500
2/21/2023	150500
2/22/2023	163000
2/23/2023	205000
2/24/2023	145500
2/25/2023	127500
2/26/2023	165500
2/27/2023	156500
2/28/2023	142000
3/1/2023	156500
3/2/2023	180500
3/3/2023	209500
3/4/2023	205500
3/5/2023	205500
3/6/2023	193500
3/7/2023	198000
3/8/2023	207500
3/9/2023	206000
3/10/2023	172000
3/11/2023	217500
3/12/2023	209500
3/13/2023	236500
3/14/2023	204000
3/15/2023	210500
3/16/2023	231000
3/17/2023	250000
3/18/2023	161500
3/19/2023	157500
3/20/2023	241000
3/21/2023	175500
3/22/2023	185500
3/23/2023	221500
3/24/2023	189000
3/25/2023	198500
3/26/2023	258000
3/27/2023	195000
3/28/2023	204500
3/29/2023	217000
3/30/2023	222500
3/31/2023	234000
4/1/2023	189500
4/2/2023	195500
4/3/2023	224500
4/4/2023	196000
4/5/2023	221500
4/6/2023	237000
4/7/2023	250000
4/8/2023	219000
4/9/2023	201000
4/10/2023	208500
4/11/2023	215000
4/12/2023	203000
4/13/2023	190000
4/14/2023	212000
4/15/2023	198000
4/16/2023	195500
4/17/2023	165500
4/18/2023	245000
4/19/2023	225500
4/20/2023	237500
4/21/2023	211000
4/22/2023	206000
4/23/2023	193000
4/24/2023	185000
4/25/2023	212500
4/26/2023	261000
4/27/2023	203500
4/28/2023	194000
4/29/2023	204000
4/30/2023	208000
5/1/2023	162500
5/2/2023	242000
5/3/2023	235000
5/4/2023	223500
5/5/2023	228500
5/6/2023	217500
5/7/2023	202500
5/8/2023	232000
5/9/2023	256000
5/10/2023	239000
5/11/2023	228000
5/12/2023	192500
5/13/2023	181000
5/14/2023	212500
5/15/2023	211000
5/16/2023	233500
5/17/2023	251500
5/18/2023	222000
5/19/2023	211500
5/20/2023	254000
5/21/2023	255500
5/22/2023	225000
5/23/2023	220000
5/24/2023	238500
5/25/2023	233500
5/26/2023	226000
5/27/2023	211000
5/28/2023	241000
5/29/2023	221000
5/30/2023	208500
5/31/2023	208500
6/1/2023	229500
6/2/2023	362500
6/3/2023	341000
6/4/2023	373500
6/5/2023	368000
6/6/2023	358500
6/7/2023	370500
6/8/2023	373500
6/9/2023	340000
6/10/2023	368500
6/11/2023	354500
6/12/2023	336000
6/13/2023	308500
6/14/2023	342000
6/15/2023	366500
6/16/2023	362500
6/17/2023	327000
6/18/2023	326500
6/19/2023	325500
6/20/2023	354000
6/21/2023	341500
6/22/2023	336000
6/23/2023	281500
6/24/2023	335000
6/25/2023	373500
6/26/2023	301000
6/27/2023	335000
6/28/2023	358000
6/29/2023	367000
6/30/2023	379500
7/1/2023	323000
7/2/2023	256500
7/3/2023	281000
7/4/2023	272500
7/5/2023	289000
7/6/2023	243500
7/7/2023	269000
7/8/2023	312500
7/9/2023	275500
7/10/2023	269000
7/11/2023	260500
7/12/2023	247000
7/13/2023	291000
7/14/2023	270000
7/15/2023	250500
7/16/2023	252500
7/17/2023	277000
7/18/2023	281000
7/19/2023	284500
7/20/2023	265000
7/21/2023	242500
7/22/2023	286500
7/23/2023	284000
7/24/2023	257000
7/25/2023	217000
7/26/2023	291500
7/27/2023	254500
7/28/2023	290000
7/29/2023	263500
7/30/2023	260500
7/31/2023	303500
8/1/2023	259000
8/2/2023	316500
8/3/2023	274500
8/4/2023	296000
8/5/2023	319500
8/6/2023	272000
8/7/2023	276500
8/8/2023	296500
8/9/2023	276000
8/10/2023	281000
8/11/2023	313000
8/12/2023	295000
8/13/2023	277500
8/14/2023	224500
8/15/2023	286000
8/16/2023	304000
8/17/2023	306000
8/18/2023	224500
8/19/2023	301500
8/20/2023	251500
8/21/2023	309500
8/22/2023	274000
8/23/2023	289000
8/24/2023	284000
8/25/2023	291000
8/26/2023	306000
8/27/2023	297000
8/28/2023	290500
8/29/2023	279500
8/30/2023	323500
8/31/2023	267000
9/1/2023	260000
9/2/2023	303500
9/3/2023	309500
9/4/2023	302500
9/5/2023	283000
9/6/2023	233000
9/7/2023	296000
9/8/2023	301000
9/9/2023	334000
9/10/2023	331000
9/11/2023	300500
9/12/2023	302000
9/13/2023	348500
9/14/2023	314500
9/15/2023	347000
9/16/2023	294500
9/17/2023	350000
9/18/2023	328000
9/19/2023	277000
9/20/2023	312000
9/21/2023	317500
9/22/2023	296000
9/23/2023	330000
9/24/2023	289500
9/25/2023	298500
9/26/2023	333000
9/27/2023	312500
9/28/2023	316500
9/29/2023	323000
9/30/2023	287000
10/1/2023	302000
10/2/2023	262000
10/3/2023	246500
10/4/2023	247500
10/5/2023	260000
10/6/2023	262000
10/7/2023	234500
10/8/2023	244000
10/9/2023	280500
10/10/2023	274500
10/11/2023	272500
10/12/2023	226500
10/13/2023	274000
10/14/2023	284000
10/15/2023	293500
10/16/2023	291000
10/17/2023	239500
10/18/2023	277000
10/19/2023	274000
10/20/2023	221000
10/21/2023	285000
10/22/2023	215500
10/23/2023	256000
10/24/2023	279000
10/25/2023	266500
10/26/2023	235000
10/27/2023	271500
10/28/2023	254500
10/29/2023	271000
10/30/2023	295000
10/31/2023	283000
11/1/2023	294000
11/2/2023	334500
11/3/2023	312500
11/4/2023	292000
11/5/2023	359000
11/6/2023	326000
11/7/2023	315000
11/8/2023	332500
11/9/2023	299500
11/10/2023	268000
11/11/2023	313000
11/12/2023	291000
11/13/2023	303000
11/14/2023	281000
11/15/2023	318500
11/16/2023	320500
11/17/2023	294000
11/18/2023	319000
11/19/2023	341000
11/20/2023	335000
11/21/2023	313500
11/22/2023	304000
11/23/2023	307500
11/24/2023	346000
11/25/2023	306500
11/26/2023	319500
11/27/2023	355500
11/28/2023	305500
11/29/2023	315000
11/30/2023	315000
12/1/2023	341500
12/2/2023	570500
12/3/2023	564000
12/4/2023	542500
12/5/2023	545500
12/6/2023	537000
12/7/2023	586500
12/8/2023	542500
12/9/2023	542000
12/10/2023	533000
12/11/2023	522500
12/12/2023	538500
12/13/2023	562500
12/14/2023	569000
12/15/2023	574000
12/16/2023	564500
12/17/2023	561000
12/18/2023	597500
12/19/2023	545500
12/20/2023	588000
12/21/2023	579000
12/22/2023	549000
12/23/2023	574500
12/24/2023	564000
12/25/2023	520000
12/26/2023	563500
12/27/2023	568000
12/28/2023	595500
12/29/2023	540500
12/30/2023	589500
12/31/2023	567000
1/1/2024	577000
1/2/2024	256000
1/3/2024	191500
1/4/2024	225000
1/5/2024	229000
1/6/2024	287000
1/7/2024	233000
1/8/2024	230500
1/9/2024	286000
1/10/2024	276500
1/11/2024	220500
1/12/2024	177000
1/13/2024	254500
1/14/2024	206500
1/15/2024	215000
1/16/2024	239000
1/17/2024	254000
1/18/2024	304000
1/19/2024	236500
1/20/2024	227500
1/21/2024	200500
1/22/2024	257000
1/23/2024	254500
1/24/2024	253500
1/25/2024	233000
1/26/2024	247000
1/27/2024	232000
1/28/2024	259500
1/29/2024	277500
1/30/2024	218500
1/31/2024	186500
2/1/2024	263500
2/2/2024	156500
2/3/2024	246000
2/4/2024	171500
2/5/2024	221000
2/6/2024	209500
2/7/2024	206500
2/8/2024	151000
2/9/2024	220500
2/10/2024	228500
2/11/2024	241000
2/12/2024	189500
2/13/2024	224500
2/14/2024	239500
2/15/2024	196000
2/16/2024	198500
2/17/2024	162000
2/18/2024	174000
2/19/2024	171500
2/20/2024	177000
2/21/2024	188500
2/22/2024	251500
2/23/2024	206500
2/24/2024	192500
2/25/2024	230000
2/26/2024	154500
2/27/2024	173500
2/28/2024	198500
2/29/2024	180000
3/1/2024	182500
3/2/2024	194000
3/3/2024	140000
3/4/2024	215000
3/5/2024	190000
3/6/2024	155000
3/7/2024	158000
3/8/2024	163000
3/9/2024	206000
3/10/2024	133500
3/11/2024	191000
3/12/2024	223500
3/13/2024	156500
3/14/2024	234000
3/15/2024	215500
3/16/2024	180000
3/17/2024	204000
3/18/2024	162500
3/19/2024	171000
3/20/2024	177000
3/21/2024	155000
3/22/2024	177500
3/23/2024	133500
3/24/2024	176500
3/25/2024	168000
3/26/2024	129500
3/27/2024	158500
3/28/2024	153500
3/29/2024	184500
3/30/2024	242500
3/31/2024	148000
4/1/2024	153500
4/2/2024	152500
4/3/2024	169500
4/4/2024	161500
4/5/2024	173500
4/6/2024	157500
4/7/2024	176000
4/8/2024	177500
4/9/2024	167500
4/10/2024	191500
4/11/2024	169000
4/12/2024	165500
4/13/2024	148500
4/14/2024	147000
4/15/2024	170000
4/16/2024	136500
4/17/2024	130000
4/18/2024	165000
4/19/2024	128500
4/20/2024	140500
4/21/2024	158500
4/22/2024	169500
4/23/2024	148500
4/24/2024	191500
4/25/2024	168000
4/26/2024	164000
4/27/2024	148500
4/28/2024	172500
4/29/2024	152500
4/30/2024	186500
5/1/2024	231000
5/2/2024	239000
5/3/2024	212500
5/4/2024	264000
5/5/2024	283000
5/6/2024	231500
5/7/2024	163500
5/8/2024	217500
5/9/2024	222000
5/10/2024	203500
5/11/2024	238000
5/12/2024	213500
5/13/2024	208000
5/14/2024	206500
5/15/2024	213500
5/16/2024	251500
5/17/2024	232000
5/18/2024	236000
5/19/2024	211500
5/20/2024	204500
5/21/2024	214500
5/22/2024	231500
5/23/2024	217000
5/24/2024	203000
5/25/2024	207000
5/26/2024	232500
5/27/2024	243500
5/28/2024	250500
5/29/2024	193000
5/30/2024	249000
5/31/2024	243500
6/1/2024	333500
6/2/2024	293000
6/3/2024	297000
6/4/2024	270000
6/5/2024	318500
6/6/2024	294500
6/7/2024	295500
6/8/2024	292500
6/9/2024	274000
6/10/2024	298000
6/11/2024	300000
6/12/2024	372500
6/13/2024	295000
6/14/2024	286500
6/15/2024	327000
6/16/2024	296500
6/17/2024	336500
6/18/2024	273500
6/19/2024	289000
6/20/2024	296500
6/21/2024	340000
6/22/2024	336000
6/23/2024	268500
6/24/2024	322500
6/25/2024	343000
6/26/2024	265000
6/27/2024	308000
6/28/2024	261000
6/29/2024	274000
6/30/2024	315000
7/1/2024	306000
7/2/2024	284500
7/3/2024	317500
7/4/2024	277500
7/5/2024	317500
7/6/2024	327500
7/7/2024	309500
7/8/2024	341000
7/9/2024	300500
7/10/2024	321000
7/11/2024	345000
7/12/2024	314500
7/13/2024	298500
7/14/2024	314000
7/15/2024	323000
7/16/2024	326500
7/17/2024	284500
7/18/2024	298000
7/19/2024	325500
7/20/2024	267500
7/21/2024	280000
7/22/2024	307000
7/23/2024	292500
7/24/2024	301500
7/25/2024	302000
7/26/2024	295000
7/27/2024	376000
7/28/2024	309500
7/29/2024	278500
7/30/2024	317500
7/31/2024	310000
8/1/2024	330000
8/2/2024	307000
8/3/2024	307000
8/4/2024	344000
8/5/2024	292500
8/6/2024	314000
8/7/2024	289500
8/8/2024	303000
8/9/2024	346000
8/10/2024	349000
8/11/2024	337500
8/12/2024	321000
8/13/2024	295500
8/14/2024	329500
8/15/2024	334000
8/16/2024	346000
8/17/2024	278000
8/18/2024	331000
8/19/2024	326000
8/20/2024	352000
8/21/2024	319000
8/22/2024	312000
8/23/2024	301500
8/24/2024	330000
8/25/2024	325000
8/26/2024	386000
8/27/2024	327000
8/28/2024	287000
8/29/2024	282000
8/30/2024	318000
8/31/2024	289000
9/1/2024	349000
9/2/2024	333500
9/3/2024	364000
9/4/2024	342500
9/5/2024	353000
9/6/2024	345500
9/7/2024	342000
9/8/2024	339500
9/9/2024	331500
9/10/2024	329500
9/11/2024	338500
9/12/2024	340500
9/13/2024	333000
9/14/2024	340500
9/15/2024	340500
9/16/2024	295000
9/17/2024	358500
9/18/2024	394500
9/19/2024	339500
9/20/2024	366000
9/21/2024	296000
9/22/2024	302500
9/23/2024	375000
9/24/2024	357000
9/25/2024	360000
9/26/2024	305000
9/27/2024	354000
9/28/2024	353000
9/29/2024	284500
9/30/2024	325000
10/1/2024	251000
10/2/2024	220500
10/3/2024	231000
10/4/2024	193000
10/5/2024	252000
10/6/2024	268500
10/7/2024	219500
10/8/2024	284000
10/9/2024	220000
10/10/2024	250500
10/11/2024	228500
10/12/2024	251500
10/13/2024	264500
10/14/2024	251500
10/15/2024	278500
10/16/2024	282000
10/17/2024	296500
10/18/2024	253000
10/19/2024	279500
10/20/2024	233500
10/21/2024	228500
10/22/2024	259500
10/23/2024	245000
10/24/2024	260500
10/25/2024	261500
10/26/2024	235000
10/27/2024	250500
10/28/2024	260500
10/29/2024	307000
10/30/2024	227500
10/31/2024	282000
11/1/2024	309500
11/2/2024	356000
11/3/2024	300000
11/4/2024	329000
11/5/2024	326500
11/6/2024	294500
11/7/2024	368000
11/8/2024	320500
11/9/2024	330000
11/10/2024	349500
11/11/2024	325000
11/12/2024	338000
11/13/2024	359500
11/14/2024	316500
11/15/2024	362000
11/16/2024	319500
11/17/2024	389500
11/18/2024	314000
11/19/2024	303500
11/20/2024	327500
11/21/2024	344000
11/22/2024	308500
11/23/2024	334500
11/24/2024	363500
11/25/2024	300000
11/26/2024	324500
11/27/2024	326000
11/28/2024	291500
11/29/2024	327500
11/30/2024	347000
12/1/2024	594500
12/2/2024	548500
12/3/2024	549000
12/4/2024	570500
12/5/2024	571500
12/6/2024	604500
12/7/2024	571500
12/8/2024	579500
12/9/2024	596500
12/10/2024	587500
12/11/2024	559500
12/12/2024	556000
12/13/2024	559500
12/14/2024	607000
12/15/2024	576000
12/16/2024	613000
12/17/2024	577000
12/18/2024	562000
12/19/2024	582000
12/20/2024	597000
12/21/2024	626000
12/22/2024	590500
12/23/2024	573500
12/24/2024	569000
12/25/2024	545500
12/26/2024	582000
12/27/2024	601000
12/28/2024	572000
12/29/2024	606000
12/30/2024	593500
12/31/2024	586000
