ID	City	State	PostalCode	Phone	StoreType	Market	Location	Manager
Store00				1-800-555-7810	Website	5-Global	Website	"Davis, Trevor"
Store01	Albuquerque	NM	87121	(505) 555-2811	Brick & Mortar	3-Medium	Southwest	"Harris, Josie"
Store02	Beaverton	OR	97005	(971) 555-8917	Brick & Mortar	1-Small	Pacific	"Blades, Kevin"
Store03	Boulder	CO	80301	(303) 555-0083	Brick & Mortar	2-Minor	Mountain	"Garrison, Cindy"
Store04	Bend	OR	97702	(458) 555-4819	Brick & Mortar	1-Small	Pacific	"White, Mike"
Store05	Bellevue	WA	98005	(425) 555-6889	Brick & Mortar	1-Small	Pacific	"Cho, Irena"
Store06	Colorado Springs	CO	80904	(719) 555-8765	Brick & Mortar	2-Minor	Mountain	"Hernandez, Albert"
Store07	Corpus Christi	TX	78408	(361) 555-9052	Brick & Mortar	2-Minor	Southwest	"Huges, Debbie"
Store08	Dubuque	IA	52004	(563) 555-6182	Brick & Mortar	1-Small	Midwest	"Vaughn, Diane"
Store09	Phoenix	AZ	85010	(623) 555-0083	Brick & Mortar	4-Large	Southwest	"Ungerstatz, Trevor"
Store10	Madison	WI	53705	(608) 555-7812	Brick & Mortar	2-Minor	Midwest	"Shapiro, Alison"
Store11	San Antonio	TX	78211	(210) 555-7552	Brick & Mortar	4-Large	Southwest	"Gomez, Maria"
Store12	Fort Worth	TX	76110	(682) 555-4381	Brick & Mortar	3-Medium	Southwest	"Andrew, Phillipe"
Store13	Denver	CO	80229	(720) 555-9877	Brick & Mortar	3-Medium	Mountain	"Davidson, Drew"
Store14	Portland	OR	97202	(503) 555-2962	Brick & Mortar	3-Medium	Pacific	"Peoples, Laura"
Store15	San Jose	CA	95112	(408) 555-8661	Brick & Mortar	4-Large	Pacific	"Vorpa, Linda"
Store16	Omaha	NE	68022	(402) 555-1662	Brick & Mortar	2-Minor	Midwest	"Ingres, Sebastian"
Store17	Salt Lake City	UT	84123	(801) 555-6801	Brick & Mortar	1-Small	Mountain	"Karls, Tim"
Store18	Seattle	WA	98105	(206) 555-8447	Brick & Mortar	3-Medium	Pacific	"Javitz, Brenda"
Store19	Spokane	WA	99202	(509) 555-8116	Brick & Mortar	2-Minor	Pacific	"Searls, William"
Store20	Tempe	AZ	85281	(602) 555-4366	Brick & Mortar	1-Small	Southwest	"Moss, Teresa"
